[
    {
        "id": 75,
        "name": "C (Clang 7.0.1)"
    },
    {
        "id": 76,
        "name": "C++ (Clang 7.0.1)"
    },
    {
        "id": 50,
        "name": "C (GCC 9.2.0)"
    },
    {
        "id": 54,
        "name": "C++ (GCC 9.2.0)"
    },
    {
        "id": 51,
        "name": "C# (Mono 6.6.0.161)"
    },
    {
        "id": 62,
        "name": "Java (OpenJDK 13.0.1)"
    },
    {
        "id": 63,
        "name": "JavaScript (Node.js 12.14.0)"
    },
    {
        "id": 71,
        "name": "Python (3.8.1)"
    }
]
